{"stats":{"minecraft:custom":{"minecraft:interact_with_furnace":13,"minecraft:mob_kills":48,"minecraft:interact_with_crafting_table":19,"minecraft:time_since_death":12406,"minecraft:sleep_in_bed":1,"minecraft:time_since_rest":7968,"minecraft:sprint_one_cm":119083,"minecraft:damage_taken":1185,"minecraft:walk_one_cm":110471,"minecraft:drop":21,"minecraft:damage_dealt":4530,"minecraft:talked_to_villager":2,"minecraft:swim_one_cm":24448,"minecraft:fly_one_cm":196310,"minecraft:player_kills":3,"minecraft:open_chest":3,"minecraft:crouch_one_cm":6009,"minecraft:play_time":59573,"minecraft:deaths":3,"minecraft:sneak_time":3149,"minecraft:walk_under_water_one_cm":9536,"minecraft:boat_one_cm":3889,"minecraft:jump":1061,"minecraft:walk_on_water_one_cm":11462,"minecraft:total_world_time":59573,"minecraft:fall_one_cm":29219},"minecraft:used":{"minecraft:cooked_mutton":2,"minecraft:stone_shovel":131,"minecraft:stone_pickaxe":94,"minecraft:oak_planks":2,"minecraft:wooden_pickaxe":40,"minecraft:wooden_shovel":45,"minecraft:stone_hoe":34,"minecraft:cooked_chicken":6,"minecraft:oak_door":7,"minecraft:torch":16,"minecraft:dirt":68,"minecraft:crafting_table":10,"minecraft:azure_bluet":1,"minecraft:wooden_axe":8,"minecraft:apple":1,"minecraft:bread":1,"minecraft:stone_axe":118,"minecraft:cobblestone":6,"minecraft:furnace":3,"minecraft:oak_sapling":1,"minecraft:andesite":5,"minecraft:yellow_bed":2,"minecraft:oak_boat":1,"minecraft:egg":3},"minecraft:picked_up":{"minecraft:wooden_axe":1,"minecraft:azure_bluet":1,"minecraft:crafting_table":5,"minecraft:feather":15,"minecraft:cooked_beef":14,"minecraft:chicken":11,"minecraft:andesite":10,"minecraft:leather":13,"minecraft:wooden_pickaxe":2,"minecraft:oak_log":40,"minecraft:yellow_bed":2,"minecraft:cobblestone_stairs":3,"minecraft:dirt":196,"minecraft:cornflower":2,"minecraft:apple":2,"minecraft:wheat_seeds":4,"minecraft:smooth_stone":1,"minecraft:beef":16,"minecraft:cooked_chicken":3,"minecraft:oak_boat":2,"minecraft:poppy":1,"minecraft:wooden_shovel":2,"minecraft:sugar_cane":8,"minecraft:oak_planks":36,"minecraft:egg":3,"minecraft:furnace":4,"minecraft:stick":10,"minecraft:raw_iron":8,"minecraft:oak_door":8,"minecraft:torch":6,"minecraft:dandelion":3,"minecraft:gravel":1,"minecraft:porkchop":44,"minecraft:rotten_flesh":2,"minecraft:stone_axe":1,"minecraft:hay_block":27,"minecraft:oak_sapling":3,"minecraft:mutton":22,"minecraft:coal":53,"minecraft:white_wool":17,"minecraft:cobblestone":60,"minecraft:oxeye_daisy":1},"minecraft:killed":{"minecraft:pig":21,"minecraft:sheep":10,"minecraft:zombie":1,"minecraft:chicken":8,"minecraft:cow":8},"minecraft:dropped":{"minecraft:bread":17,"minecraft:furnace":1,"minecraft:wheat_seeds":1,"minecraft:cooked_chicken":4,"minecraft:cobblestone":2,"minecraft:oak_planks":2,"minecraft:wooden_axe":1,"minecraft:andesite":5,"minecraft:wooden_shovel":2,"minecraft:wooden_pickaxe":1,"minecraft:smooth_stone":1},"minecraft:mined":{"minecraft:oak_door":6,"minecraft:cobblestone_stairs":3,"minecraft:crafting_table":3,"minecraft:glow_lichen":1,"minecraft:torch":1,"minecraft:short_grass":38,"minecraft:grass_block":99,"minecraft:tall_grass":4,"minecraft:cobblestone":14,"minecraft:oak_planks":1,"minecraft:sugar_cane":3,"minecraft:wall_torch":1,"minecraft:hay_block":29,"minecraft:smooth_stone":1,"minecraft:furnace":2,"minecraft:iron_ore":8,"minecraft:andesite":11,"minecraft:yellow_bed":2,"minecraft:oak_log":42,"minecraft:coal_ore":54,"minecraft:dirt_path":42,"minecraft:gravel":2,"minecraft:dirt":12,"minecraft:stone":36,"minecraft:oak_leaves":21},"minecraft:crafted":{"minecraft:oak_door":3,"minecraft:oak_planks":144,"minecraft:wooden_shovel":2,"minecraft:stone_shovel":1,"minecraft:crafting_table":6,"minecraft:wooden_pickaxe":3,"minecraft:cooked_chicken":7,"minecraft:furnace":2,"minecraft:stone_axe":2,"minecraft:bread":81,"minecraft:cooked_mutton":10,"minecraft:air":0,"minecraft:oak_boat":1,"minecraft:stick":48,"minecraft:stone_pickaxe":3,"minecraft:wooden_axe":1,"minecraft:torch":16,"minecraft:stone_hoe":1,"minecraft:wheat":243},"minecraft:killed_by":{"minecraft:spider":1,"minecraft:zombie":1},"minecraft:broken":{"minecraft:stone_shovel":1}},"DataVersion":4082}