{"stats":{"minecraft:custom":{"minecraft:interact_with_furnace":10,"minecraft:mob_kills":20,"minecraft:interact_with_crafting_table":13,"minecraft:leave_game":4,"minecraft:time_since_death":22480,"minecraft:sleep_in_bed":1,"minecraft:time_since_rest":7968,"minecraft:sprint_one_cm":139496,"minecraft:damage_taken":1344,"minecraft:walk_one_cm":65129,"minecraft:drop":4,"minecraft:damage_dealt":3114,"minecraft:talked_to_villager":15,"minecraft:swim_one_cm":6822,"minecraft:fly_one_cm":470167,"minecraft:open_chest":7,"minecraft:crouch_one_cm":1926,"minecraft:play_time":63179,"minecraft:deaths":4,"minecraft:sneak_time":1104,"minecraft:walk_under_water_one_cm":1887,"minecraft:boat_one_cm":3361,"minecraft:jump":2001,"minecraft:interact_with_blast_furnace":2,"minecraft:walk_on_water_one_cm":7951,"minecraft:total_world_time":63179,"minecraft:fall_one_cm":73513},"minecraft:used":{"minecraft:cooked_mutton":3,"minecraft:stone_sword":56,"minecraft:stone_shovel":131,"minecraft:stone_pickaxe":50,"minecraft:chest":2,"minecraft:wooden_pickaxe":33,"minecraft:cooked_chicken":1,"minecraft:oak_door":2,"minecraft:dirt":3,"minecraft:sand":6,"minecraft:crafting_table":3,"minecraft:blast_furnace":1,"minecraft:bread":1,"minecraft:birch_sapling":2,"minecraft:stone_axe":28,"minecraft:furnace":3,"minecraft:oak_sapling":2,"minecraft:andesite":12,"minecraft:yellow_bed":2,"minecraft:oak_boat":5,"minecraft:egg":1,"minecraft:cooked_beef":3},"minecraft:picked_up":{"minecraft:birch_log":2,"minecraft:azure_bluet":1,"minecraft:crafting_table":6,"minecraft:feather":2,"minecraft:cooked_beef":10,"minecraft:chicken":2,"minecraft:andesite":12,"minecraft:leather":8,"minecraft:wooden_pickaxe":4,"minecraft:oak_log":25,"minecraft:yellow_bed":2,"minecraft:dirt":10,"minecraft:bone":1,"minecraft:wheat_seeds":5,"minecraft:smooth_stone":1,"minecraft:iron_ingot":3,"minecraft:beef":47,"minecraft:stone_pickaxe":1,"minecraft:cooked_chicken":1,"minecraft:oak_boat":2,"minecraft:birch_sapling":2,"minecraft:oak_planks":8,"minecraft:egg":1,"minecraft:furnace":4,"minecraft:stick":3,"minecraft:raw_iron":16,"minecraft:oak_door":3,"minecraft:gravel":1,"minecraft:porkchop":14,"minecraft:sand":132,"minecraft:blast_furnace":1,"minecraft:stone_sword":1,"minecraft:arrow":6,"minecraft:granite":2,"minecraft:bread":17,"minecraft:oak_sapling":3,"minecraft:mutton":11,"minecraft:coal":89,"minecraft:white_wool":4,"minecraft:cobblestone":40},"minecraft:killed":{"minecraft:armadillo":2,"minecraft:pig":3,"minecraft:spider":1,"minecraft:iron_golem":1,"minecraft:skeleton":1,"minecraft:sheep":4,"minecraft:chicken":1,"minecraft:cow":7},"minecraft:dropped":{"minecraft:furnace":1,"minecraft:cooked_beef":14,"minecraft:crafting_table":1,"minecraft:azure_bluet":1},"minecraft:mined":{"minecraft:oak_door":1,"minecraft:crafting_table":5,"minecraft:granite":1,"minecraft:short_grass":35,"minecraft:blast_furnace":1,"minecraft:grass_block":4,"minecraft:furnace":3,"minecraft:iron_ore":8,"minecraft:andesite":6,"minecraft:yellow_bed":2,"minecraft:azure_bluet":1,"minecraft:oak_log":21,"minecraft:coal_ore":28,"minecraft:sand":132,"minecraft:dirt":5,"minecraft:stone":21,"minecraft:oak_leaves":6},"minecraft:crafted":{"minecraft:cooked_beef":10,"minecraft:oak_door":3,"minecraft:oak_planks":92,"minecraft:stone_shovel":1,"minecraft:crafting_table":1,"minecraft:wooden_pickaxe":1,"minecraft:furnace":1,"minecraft:birch_planks":8,"minecraft:stone_axe":1,"minecraft:cooked_mutton":3,"minecraft:air":0,"minecraft:oak_boat":3,"minecraft:stick":16,"minecraft:stone_pickaxe":1,"minecraft:stone_sword":1,"minecraft:chest":2},"minecraft:killed_by":{"minecraft:player":3},"minecraft:broken":{"minecraft:stone_shovel":1}},"DataVersion":4082}